task_id,phase,title,why,inputs,outputs,acceptance,status,priority,depends_on,evidence,updated_at
CI-REC-001,1,Аудит полной цепочки,Нужна доказанная причина 79 отказов,"Actions logs; workflows; local checks",challenge_findings.md,Причины remote и local failures подтверждены,done,P0,,"run 31604185637; local commands",2026-08-13
CI-REC-002,2,Обновить dependency security layer,Устранить critical advisory,"package-lock.json; npm registry",package.json и package-lock.json,"npm audit --audit-level=high passes",done,P0,CI-REC-001,"Tailwind 4.3.3; npm audit: 0 vulnerabilities",2026-08-13
CI-REC-003,3,Единый quality gate,Direct push сейчас обходит PR checks,"pr-check.yml; deploy.yml",reusable CI contract,PR и main выполняют одинаковые blockers,done,P0,CI-REC-001,"actionlint; full local quality matrix",2026-08-13
CI-REC-004,4,Harden deployment preflight,Ошибки secrets/path обнаруживаются поздно,"deploy.yml; secrets contract",fail-fast preflight,Пустые или unsafe значения блокируются до SSH,done,P0,CI-REC-003,"deploy-config-preflight-self-test passed",2026-08-13
CI-REC-005,5,Переносимые smoke artifacts,Runner evidence сейчас теряется,"visual-smoke.mjs; deploy.yml",Actions artifacts,Stable workspace paths и always-upload contract валидны,done,P1,CI-REC-004,"actionlint; post-deploy-smoke artifact contract",2026-08-13
CI-REC-006,6,Убрать stale sign-off blocker,Historical tmp paths ломают clean runner,"release sign-off; deploy.yml",generic current-run gate,Deploy не читает historical tmp manifests,done,P0,CI-REC-003,"release sign-off self-test passed; historical draft removed from deploy",2026-08-13
CI-REC-007,7,Полная локальная валидация,Нужна проверяемая готовность,"all changed files",validation evidence,Все доступные non-mutating gates passed,done,P0,"CI-REC-002;CI-REC-003;CI-REC-004;CI-REC-005;CI-REC-006","actionlint; PHP lint; npm/JS/CSS/security/release checks",2026-08-13
CI-REC-008,8,Опубликовать GitHub fix и проверить run,Только remote checks доказывают runner compatibility,"branch; PR; Actions checks",draft PR и green Quality Gate,PR checks completed successfully,done,P0,CI-REC-007,"PR #45; run 31690737872 success",2026-08-13
CI-REC-009,9,Настроить production и выполнить controlled deploy,Только deploy run доказывает SSH rsync cache и post-deploy smoke,"five secrets; main protection; merge approval",green deployment и smoke artifact,Deploy and smoke completed successfully,blocked,P0,CI-REC-008,"Repository/environment secret lists empty; main unprotected",2026-08-13
